[
  {
    "coreMaterialStats": {
      "durability": 120.0,
      "defense": 50.0,
      "materialType": "core"
    },
    "platesMaterialStats": {
      "durability": 56.0,
      "modifier": 50.0,
      "toughness": 0.0,
      "materialType": "plates"
    },
    "trimMaterialStats": {
      "extraDurability": 56.0,
      "materialType": "trim"
    },
    "identifier": "awakened_plustic",
    "color": -22016,
    "type": "METAL",
    "isCastable": false,
    "isCraftable": true,
    "traits": []
  },
  {
    "coreMaterialStats": {
      "durability": 0.0,
      "defense": 0.0,
      "materialType": "core"
    },
    "platesMaterialStats": {
      "durability": 0.56,
      "modifier": 0.0,
      "toughness": 0.0,
      "materialType": "plates"
    },
    "trimMaterialStats": {
      "extraDurability": 0.56,
      "materialType": "trim"
    },
    "identifier": "orangecloth",
    "color": -2392770,
    "type": "METAL",
    "isCastable": false,
    "isCraftable": true,
    "traits": []
  },
  {
    "coreMaterialStats": {
      "durability": 14.0,
      "defense": 10.125,
      "materialType": "core"
    },
    "platesMaterialStats": {
      "durability": 8.4,
      "modifier": 10.125,
      "toughness": 0.0,
      "materialType": "plates"
    },
    "trimMaterialStats": {
      "extraDurability": 8.4,
      "materialType": "trim"
    },
    "identifier": "electrical_steel",
    "color": -5658199,
    "type": "METAL",
    "isCastable": true,
    "isCraftable": false,
    "traits": []
  },
  {
    "coreMaterialStats": {
      "durability": 25.0,
      "defense": 27.0,
      "materialType": "core"
    },
    "platesMaterialStats": {
      "durability": 28.0,
      "modifier": 27.0,
      "toughness": 0.0,
      "materialType": "plates"
    },
    "trimMaterialStats": {
      "extraDurability": 28.0,
      "materialType": "trim"
    },
    "identifier": "dark_steel",
    "color": -9671572,
    "type": "METAL",
    "isCastable": true,
    "isCraftable": false,
    "traits": []
  },
  {
    "coreMaterialStats": {
      "durability": 2.0,
      "defense": 4.5,
      "materialType": "core"
    },
    "platesMaterialStats": {
      "durability": 1.12,
      "modifier": 4.5,
      "toughness": 0.0,
      "materialType": "plates"
    },
    "trimMaterialStats": {
      "extraDurability": 1.12,
      "materialType": "trim"
    },
    "identifier": "construction_alloy",
    "color": -14084054,
    "type": "METAL",
    "isCastable": true,
    "isCraftable": false,
    "traits": []
  },
  {
    "coreMaterialStats": {
      "durability": 33.0,
      "defense": 29.7,
      "materialType": "core"
    },
    "platesMaterialStats": {
      "durability": 22.4,
      "modifier": 29.7,
      "toughness": 0.0,
      "materialType": "plates"
    },
    "trimMaterialStats": {
      "extraDurability": 22.4,
      "materialType": "trim"
    },
    "identifier": "fierymetal",
    "color": -142243,
    "type": "METAL",
    "isCastable": true,
    "isCraftable": false,
    "traits": []
  },
  {
    "coreMaterialStats": {
      "durability": 25.0,
      "defense": 22.5,
      "materialType": "core"
    },
    "platesMaterialStats": {
      "durability": 19.039999,
      "modifier": 22.5,
      "toughness": -0.0,
      "materialType": "plates"
    },
    "trimMaterialStats": {
      "extraDurability": 19.039999,
      "materialType": "trim"
    },
    "identifier": "bloodwood_plustic",
    "color": -10485760,
    "type": "METAL",
    "isCastable": false,
    "isCraftable": true,
    "traits": []
  },
  {
    "coreMaterialStats": {
      "durability": 5.0,
      "defense": 6.75,
      "materialType": "core"
    },
    "platesMaterialStats": {
      "durability": 16.8,
      "modifier": 6.75,
      "toughness": -0.0,
      "materialType": "plates"
    },
    "trimMaterialStats": {
      "extraDurability": 16.8,
      "materialType": "trim"
    },
    "identifier": "redstone_alloy",
    "color": -5167321,
    "type": "METAL",
    "isCastable": true,
    "isCraftable": false,
    "traits": []
  },
  {
    "coreMaterialStats": {
      "durability": 0.0,
      "defense": 0.0,
      "materialType": "core"
    },
    "platesMaterialStats": {
      "durability": 0.56,
      "modifier": 0.0,
      "toughness": 0.0,
      "materialType": "plates"
    },
    "trimMaterialStats": {
      "extraDurability": 0.56,
      "materialType": "trim"
    },
    "identifier": "magentacloth",
    "color": -5025604,
    "type": "METAL",
    "isCastable": false,
    "isCraftable": true,
    "traits": []
  },
  {
    "coreMaterialStats": {
      "durability": 8.0,
      "defense": 27.0,
      "materialType": "core"
    },
    "platesMaterialStats": {
      "durability": 10.08,
      "modifier": 27.0,
      "toughness": 0.0,
      "materialType": "plates"
    },
    "trimMaterialStats": {
      "extraDurability": 10.08,
      "materialType": "trim"
    },
    "identifier": "steeleaf",
    "color": -11368646,
    "type": "METAL",
    "isCastable": false,
    "isCraftable": true,
    "traits": []
  },
  {
    "coreMaterialStats": {
      "durability": 18.0,
      "defense": 31.95,
      "materialType": "core"
    },
    "platesMaterialStats": {
      "durability": 8.288,
      "modifier": 31.95,
      "toughness": 0.0,
      "materialType": "plates"
    },
    "trimMaterialStats": {
      "extraDurability": 8.288,
      "materialType": "trim"
    },
    "identifier": "nihilite",
    "color": -16777183,
    "type": "METAL",
    "isCastable": true,
    "isCraftable": false,
    "traits": []
  },
  {
    "coreMaterialStats": {
      "durability": 64.0,
      "defense": 41.534996,
      "materialType": "core"
    },
    "platesMaterialStats": {
      "durability": 16.8,
      "modifier": 41.534996,
      "toughness": 0.0,
      "materialType": "plates"
    },
    "trimMaterialStats": {
      "extraDurability": 16.8,
      "materialType": "trim"
    },
    "identifier": "ma.intermedium",
    "color": -4765440,
    "type": "METAL",
    "isCastable": true,
    "isCraftable": false,
    "traits": []
  },
  {
    "coreMaterialStats": {
      "durability": 30.0,
      "defense": 31.5,
      "materialType": "core"
    },
    "platesMaterialStats": {
      "durability": 2.8,
      "modifier": 31.5,
      "toughness": 0.0,
      "materialType": "plates"
    },
    "trimMaterialStats": {
      "extraDurability": 2.8,
      "materialType": "trim"
    },
    "identifier": "tanzanite",
    "color": -43521,
    "type": "METAL",
    "isCastable": false,
    "isCraftable": true,
    "traits": []
  },
  {
    "coreMaterialStats": {
      "durability": 90.0,
      "defense": 40.5,
      "materialType": "core"
    },
    "platesMaterialStats": {
      "durability": 10.08,
      "modifier": 40.5,
      "toughness": 0.0,
      "materialType": "plates"
    },
    "trimMaterialStats": {
      "extraDurability": 10.08,
      "materialType": "trim"
    },
    "identifier": "mirion",
    "color": -171,
    "type": "METAL",
    "isCastable": true,
    "isCraftable": false,
    "traits": []
  },
  {
    "coreMaterialStats": {
      "durability": 0.0,
      "defense": 0.0,
      "materialType": "core"
    },
    "platesMaterialStats": {
      "durability": 0.56,
      "modifier": 0.0,
      "toughness": 0.0,
      "materialType": "plates"
    },
    "trimMaterialStats": {
      "extraDurability": 0.56,
      "materialType": "trim"
    },
    "identifier": "whitecloth",
    "color": -2236963,
    "type": "METAL",
    "isCastable": false,
    "isCraftable": true,
    "traits": []
  },
  {
    "coreMaterialStats": {
      "durability": 0.0,
      "defense": 0.0,
      "materialType": "core"
    },
    "platesMaterialStats": {
      "durability": 0.56,
      "modifier": 0.0,
      "toughness": 0.0,
      "materialType": "plates"
    },
    "trimMaterialStats": {
      "extraDurability": 0.56,
      "materialType": "trim"
    },
    "identifier": "pinkcloth",
    "color": -3111783,
    "type": "METAL",
    "isCastable": false,
    "isCraftable": true,
    "traits": []
  },
  {
    "coreMaterialStats": {
      "durability": 25.0,
      "defense": 27.0,
      "materialType": "core"
    },
    "platesMaterialStats": {
      "durability": 6.72,
      "modifier": 27.0,
      "toughness": 0.0,
      "materialType": "plates"
    },
    "trimMaterialStats": {
      "extraDurability": 6.72,
      "materialType": "trim"
    },
    "identifier": "elementium",
    "color": -43521,
    "type": "METAL",
    "isCastable": true,
    "isCraftable": false,
    "traits": []
  },
  {
    "coreMaterialStats": {
      "durability": 4.0,
      "defense": 18.0,
      "materialType": "core"
    },
    "platesMaterialStats": {
      "durability": -10.08,
      "modifier": 18.0,
      "toughness": -0.0,
      "materialType": "plates"
    },
    "trimMaterialStats": {
      "extraDurability": -10.08,
      "materialType": "trim"
    },
    "identifier": "platinum",
    "color": -1513240,
    "type": "METAL",
    "isCastable": true,
    "isCraftable": false,
    "traits": []
  },
  {
    "coreMaterialStats": {
      "durability": 25.0,
      "defense": 27.0,
      "materialType": "core"
    },
    "platesMaterialStats": {
      "durability": 6.72,
      "modifier": 27.0,
      "toughness": 0.0,
      "materialType": "plates"
    },
    "trimMaterialStats": {
      "extraDurability": 6.72,
      "materialType": "trim"
    },
    "identifier": "manasteel",
    "color": -11184641,
    "type": "METAL",
    "isCastable": true,
    "isCraftable": false,
    "traits": []
  },
  {
    "coreMaterialStats": {
      "durability": 28.0,
      "defense": 31.5,
      "materialType": "core"
    },
    "platesMaterialStats": {
      "durability": 14.0,
      "modifier": 31.5,
      "toughness": 0.0,
      "materialType": "plates"
    },
    "trimMaterialStats": {
      "extraDurability": 14.0,
      "materialType": "trim"
    },
    "identifier": "valyriansteel",
    "color": -1910302,
    "type": "METAL",
    "isCastable": true,
    "isCraftable": false,
    "traits": []
  },
  {
    "coreMaterialStats": {
      "durability": 117.0,
      "defense": 27.0,
      "materialType": "core"
    },
    "platesMaterialStats": {
      "durability": 280.0,
      "modifier": 27.0,
      "toughness": 0.0,
      "materialType": "plates"
    },
    "trimMaterialStats": {
      "extraDurability": 280.0,
      "materialType": "trim"
    },
    "identifier": "morerefinedstorage.crystalized",
    "color": -9385796,
    "type": "METAL",
    "isCastable": true,
    "isCraftable": true,
    "traits": []
  },
  {
    "coreMaterialStats": {
      "durability": 81.0,
      "defense": 47.25,
      "materialType": "core"
    },
    "platesMaterialStats": {
      "durability": 12.432,
      "modifier": 47.25,
      "toughness": 0.0,
      "materialType": "plates"
    },
    "trimMaterialStats": {
      "extraDurability": 12.432,
      "materialType": "trim"
    },
    "identifier": "darkmatter",
    "color": -14221005,
    "type": "METAL",
    "isCastable": false,
    "isCraftable": true,
    "traits": []
  },
  {
    "coreMaterialStats": {
      "durability": 73.0,
      "defense": 29.25,
      "materialType": "core"
    },
    "platesMaterialStats": {
      "durability": 1.12,
      "modifier": 29.25,
      "toughness": 0.0,
      "materialType": "plates"
    },
    "trimMaterialStats": {
      "extraDurability": 1.12,
      "materialType": "trim"
    },
    "identifier": "terrasteel",
    "color": -11141291,
    "type": "METAL",
    "isCastable": true,
    "isCraftable": false,
    "traits": []
  },
  {
    "coreMaterialStats": {
      "durability": 32.0,
      "defense": 29.789999,
      "materialType": "core"
    },
    "platesMaterialStats": {
      "durability": 11.2,
      "modifier": 29.789999,
      "toughness": 0.0,
      "materialType": "plates"
    },
    "trimMaterialStats": {
      "extraDurability": 11.2,
      "materialType": "trim"
    },
    "identifier": "ma.prudentium",
    "color": -16741341,
    "type": "METAL",
    "isCastable": true,
    "isCraftable": false,
    "traits": []
  },
  {
    "coreMaterialStats": {
      "durability": 0.0,
      "defense": 0.0,
      "materialType": "core"
    },
    "platesMaterialStats": {
      "durability": 0.56,
      "modifier": 0.0,
      "toughness": 0.0,
      "materialType": "plates"
    },
    "trimMaterialStats": {
      "extraDurability": 0.56,
      "materialType": "trim"
    },
    "identifier": "limecloth",
    "color": -12472776,
    "type": "METAL",
    "isCastable": false,
    "isCraftable": true,
    "traits": []
  },
  {
    "coreMaterialStats": {
      "durability": 16.0,
      "defense": 13.5,
      "materialType": "core"
    },
    "platesMaterialStats": {
      "durability": 10.08,
      "modifier": 13.5,
      "toughness": -0.0,
      "materialType": "plates"
    },
    "trimMaterialStats": {
      "extraDurability": 10.08,
      "materialType": "trim"
    },
    "identifier": "darkwood_plustic",
    "color": -16777046,
    "type": "METAL",
    "isCastable": false,
    "isCraftable": true,
    "traits": []
  },
  {
    "coreMaterialStats": {
      "durability": 0.0,
      "defense": 0.0,
      "materialType": "core"
    },
    "platesMaterialStats": {
      "durability": 0.56,
      "modifier": 0.0,
      "toughness": 0.0,
      "materialType": "plates"
    },
    "trimMaterialStats": {
      "extraDurability": 0.56,
      "materialType": "trim"
    },
    "identifier": "cyancloth",
    "color": -13734263,
    "type": "METAL",
    "isCastable": false,
    "isCraftable": true,
    "traits": []
  },
  {
    "coreMaterialStats": {
      "durability": 73.0,
      "defense": 4.5,
      "materialType": "core"
    },
    "platesMaterialStats": {
      "durability": 140.0,
      "modifier": 4.5,
      "toughness": 0.0,
      "materialType": "plates"
    },
    "trimMaterialStats": {
      "extraDurability": 140.0,
      "materialType": "trim"
    },
    "identifier": "soularium",
    "color": -9872563,
    "type": "METAL",
    "isCastable": true,
    "isCraftable": false,
    "traits": []
  },
  {
    "coreMaterialStats": {
      "durability": 7.0,
      "defense": 40.5,
      "materialType": "core"
    },
    "platesMaterialStats": {
      "durability": 8.4,
      "modifier": 40.5,
      "toughness": 0.0,
      "materialType": "plates"
    },
    "trimMaterialStats": {
      "extraDurability": 8.4,
      "materialType": "trim"
    },
    "identifier": "dogbearium",
    "color": -9620736,
    "type": "METAL",
    "isCastable": true,
    "isCraftable": false,
    "traits": []
  },
  {
    "coreMaterialStats": {
      "durability": 18.0,
      "defense": 22.5,
      "materialType": "core"
    },
    "platesMaterialStats": {
      "durability": 16.8,
      "modifier": 22.5,
      "toughness": 0.0,
      "materialType": "plates"
    },
    "trimMaterialStats": {
      "extraDurability": 16.8,
      "materialType": "trim"
    },
    "identifier": "end_steel",
    "color": -262989,
    "type": "METAL",
    "isCastable": true,
    "isCraftable": false,
    "traits": []
  },
  {
    "coreMaterialStats": {
      "durability": 11.0,
      "defense": 19.484999,
      "materialType": "core"
    },
    "platesMaterialStats": {
      "durability": 5.6,
      "modifier": 19.484999,
      "toughness": 0.0,
      "materialType": "plates"
    },
    "trimMaterialStats": {
      "extraDurability": 5.6,
      "materialType": "trim"
    },
    "identifier": "ma.base_essence",
    "color": -3014657,
    "type": "METAL",
    "isCastable": true,
    "isCraftable": false,
    "traits": []
  },
  {
    "coreMaterialStats": {
      "durability": 29.0,
      "defense": 27.0,
      "materialType": "core"
    },
    "platesMaterialStats": {
      "durability": 11.2,
      "modifier": 27.0,
      "toughness": 0.0,
      "materialType": "plates"
    },
    "trimMaterialStats": {
      "extraDurability": 11.2,
      "materialType": "trim"
    },
    "identifier": "abyssalnite",
    "color": -11920247,
    "type": "METAL",
    "isCastable": true,
    "isCraftable": false,
    "traits": []
  },
  {
    "coreMaterialStats": {
      "durability": 14.0,
      "defense": 20.7,
      "materialType": "core"
    },
    "platesMaterialStats": {
      "durability": 5.376,
      "modifier": 20.7,
      "toughness": 0.0,
      "materialType": "plates"
    },
    "trimMaterialStats": {
      "extraDurability": 5.376,
      "materialType": "trim"
    },
    "identifier": "ma.soulium",
    "color": -11124169,
    "type": "METAL",
    "isCastable": true,
    "isCraftable": true,
    "traits": []
  },
  {
    "coreMaterialStats": {
      "durability": 1.0,
      "defense": 9.0,
      "materialType": "core"
    },
    "platesMaterialStats": {
      "durability": 1.68,
      "modifier": 9.0,
      "toughness": 0.0,
      "materialType": "plates"
    },
    "trimMaterialStats": {
      "extraDurability": 1.68,
      "materialType": "trim"
    },
    "identifier": "xu_magical_wood",
    "color": -131160,
    "type": "METAL",
    "isCastable": false,
    "isCraftable": true,
    "traits": []
  },
  {
    "coreMaterialStats": {
      "durability": 81.0,
      "defense": 36.0,
      "materialType": "core"
    },
    "platesMaterialStats": {
      "durability": 28.784,
      "modifier": 36.0,
      "toughness": 0.0,
      "materialType": "plates"
    },
    "trimMaterialStats": {
      "extraDurability": 28.784,
      "materialType": "trim"
    },
    "identifier": "desh",
    "color": -15329770,
    "type": "METAL",
    "isCastable": true,
    "isCraftable": false,
    "traits": []
  },
  {
    "coreMaterialStats": {
      "durability": 4.0,
      "defense": 4.5,
      "materialType": "core"
    },
    "platesMaterialStats": {
      "durability": -10.08,
      "modifier": 4.5,
      "toughness": -0.0,
      "materialType": "plates"
    },
    "trimMaterialStats": {
      "extraDurability": -10.08,
      "materialType": "trim"
    },
    "identifier": "rosegold",
    "color": -25724,
    "type": "METAL",
    "isCastable": true,
    "isCraftable": false,
    "traits": []
  },
  {
    "coreMaterialStats": {
      "durability": 10.0,
      "defense": 40.5,
      "materialType": "core"
    },
    "platesMaterialStats": {
      "durability": 6.72,
      "modifier": 40.5,
      "toughness": -0.0,
      "materialType": "plates"
    },
    "trimMaterialStats": {
      "extraDurability": 6.72,
      "materialType": "trim"
    },
    "identifier": "vibrant_alloy",
    "color": -4798352,
    "type": "METAL",
    "isCastable": true,
    "isCraftable": false,
    "traits": []
  },
  {
    "coreMaterialStats": {
      "durability": 0.0,
      "defense": 0.0,
      "materialType": "core"
    },
    "platesMaterialStats": {
      "durability": 0.56,
      "modifier": 0.0,
      "toughness": 0.0,
      "materialType": "plates"
    },
    "trimMaterialStats": {
      "extraDurability": 0.56,
      "materialType": "trim"
    },
    "identifier": "graycloth",
    "color": -12566464,
    "type": "METAL",
    "isCastable": false,
    "isCraftable": true,
    "traits": []
  },
  {
    "coreMaterialStats": {
      "durability": 0.0,
      "defense": 0.0,
      "materialType": "core"
    },
    "platesMaterialStats": {
      "durability": 0.56,
      "modifier": 0.0,
      "toughness": 0.0,
      "materialType": "plates"
    },
    "trimMaterialStats": {
      "extraDurability": 0.56,
      "materialType": "trim"
    },
    "identifier": "browncloth",
    "color": -11587041,
    "type": "METAL",
    "isCastable": false,
    "isCraftable": true,
    "traits": []
  },
  {
    "coreMaterialStats": {
      "durability": 10.0,
      "defense": 22.5,
      "materialType": "core"
    },
    "platesMaterialStats": {
      "durability": 11.087999,
      "modifier": 22.5,
      "toughness": 0.0,
      "materialType": "plates"
    },
    "trimMaterialStats": {
      "extraDurability": 11.087999,
      "materialType": "trim"
    },
    "identifier": "sinisterium",
    "color": -14614528,
    "type": "METAL",
    "isCastable": true,
    "isCraftable": false,
    "traits": []
  },
  {
    "coreMaterialStats": {
      "durability": 3.0,
      "defense": 49.950005,
      "materialType": "core"
    },
    "platesMaterialStats": {
      "durability": 2.24,
      "modifier": 49.950005,
      "toughness": 0.0,
      "materialType": "plates"
    },
    "trimMaterialStats": {
      "extraDurability": 2.24,
      "materialType": "trim"
    },
    "identifier": "xu_demonic_metal",
    "color": -6079744,
    "type": "METAL",
    "isCastable": true,
    "isCraftable": false,
    "traits": []
  },
  {
    "coreMaterialStats": {
      "durability": 0.0,
      "defense": 0.0,
      "materialType": "core"
    },
    "platesMaterialStats": {
      "durability": 0.56,
      "modifier": 0.0,
      "toughness": 0.0,
      "materialType": "plates"
    },
    "trimMaterialStats": {
      "extraDurability": 0.56,
      "materialType": "trim"
    },
    "identifier": "silky",
    "color": -8838,
    "type": "METAL",
    "isCastable": false,
    "isCraftable": true,
    "traits": []
  },
  {
    "coreMaterialStats": {
      "durability": 37.0,
      "defense": 27.0,
      "materialType": "core"
    },
    "platesMaterialStats": {
      "durability": 10.08,
      "modifier": 27.0,
      "toughness": 0.0,
      "materialType": "plates"
    },
    "trimMaterialStats": {
      "extraDurability": 10.08,
      "materialType": "trim"
    },
    "identifier": "mithril",
    "color": -6697729,
    "type": "METAL",
    "isCastable": true,
    "isCraftable": false,
    "traits": []
  },
  {
    "coreMaterialStats": {
      "durability": 120.0,
      "defense": 50.0,
      "materialType": "core"
    },
    "platesMaterialStats": {
      "durability": 25.2,
      "modifier": 50.0,
      "toughness": 0.0,
      "materialType": "plates"
    },
    "trimMaterialStats": {
      "extraDurability": 25.2,
      "materialType": "trim"
    },
    "identifier": "ma.superium",
    "color": -16744485,
    "type": "METAL",
    "isCastable": true,
    "isCraftable": false,
    "traits": []
  },
  {
    "coreMaterialStats": {
      "durability": 120.0,
      "defense": 50.0,
      "materialType": "core"
    },
    "platesMaterialStats": {
      "durability": 89.6,
      "modifier": 50.0,
      "toughness": 0.0,
      "materialType": "plates"
    },
    "trimMaterialStats": {
      "extraDurability": 89.6,
      "materialType": "trim"
    },
    "identifier": "chaotic_plustic",
    "color": -5592406,
    "type": "METAL",
    "isCastable": false,
    "isCraftable": true,
    "traits": []
  },
  {
    "coreMaterialStats": {
      "durability": 20.0,
      "defense": 18.0,
      "materialType": "core"
    },
    "platesMaterialStats": {
      "durability": 5.6,
      "modifier": 18.0,
      "toughness": -0.0,
      "materialType": "plates"
    },
    "trimMaterialStats": {
      "extraDurability": 5.6,
      "materialType": "trim"
    },
    "identifier": "fusewood_plustic",
    "color": -16723570,
    "type": "METAL",
    "isCastable": false,
    "isCraftable": true,
    "traits": []
  },
  {
    "coreMaterialStats": {
      "durability": 2.0,
      "defense": 12.6,
      "materialType": "core"
    },
    "platesMaterialStats": {
      "durability": 2.24,
      "modifier": 12.6,
      "toughness": 0.0,
      "materialType": "plates"
    },
    "trimMaterialStats": {
      "extraDurability": 2.24,
      "materialType": "trim"
    },
    "identifier": "livingwood_plustic",
    "color": -16733696,
    "type": "METAL",
    "isCastable": false,
    "isCraftable": true,
    "traits": []
  },
  {
    "coreMaterialStats": {
      "durability": 30.0,
      "defense": 27.45,
      "materialType": "core"
    },
    "platesMaterialStats": {
      "durability": 2.24,
      "modifier": 27.45,
      "toughness": -0.0,
      "materialType": "plates"
    },
    "trimMaterialStats": {
      "extraDurability": 2.24,
      "materialType": "trim"
    },
    "identifier": "malachite_gem",
    "color": -16733696,
    "type": "METAL",
    "isCastable": false,
    "isCraftable": true,
    "traits": []
  },
  {
    "coreMaterialStats": {
      "durability": 56.0,
      "defense": 45.0,
      "materialType": "core"
    },
    "platesMaterialStats": {
      "durability": 11.2,
      "modifier": 45.0,
      "toughness": 0.0,
      "materialType": "plates"
    },
    "trimMaterialStats": {
      "extraDurability": 11.2,
      "materialType": "trim"
    },
    "identifier": "amethyst",
    "color": -43521,
    "type": "METAL",
    "isCastable": false,
    "isCraftable": true,
    "traits": []
  },
  {
    "coreMaterialStats": {
      "durability": 0.0,
      "defense": 0.0,
      "materialType": "core"
    },
    "platesMaterialStats": {
      "durability": 0.56,
      "modifier": 0.0,
      "toughness": 0.0,
      "materialType": "plates"
    },
    "trimMaterialStats": {
      "extraDurability": 0.56,
      "materialType": "trim"
    },
    "identifier": "lightbluecloth",
    "color": -9729335,
    "type": "METAL",
    "isCastable": false,
    "isCraftable": true,
    "traits": []
  },
  {
    "coreMaterialStats": {
      "durability": 0.0,
      "defense": 0.0,
      "materialType": "core"
    },
    "platesMaterialStats": {
      "durability": 0.56,
      "modifier": 0.0,
      "toughness": 0.0,
      "materialType": "plates"
    },
    "trimMaterialStats": {
      "extraDurability": 0.56,
      "materialType": "trim"
    },
    "identifier": "redcloth",
    "color": -6933456,
    "type": "METAL",
    "isCastable": false,
    "isCraftable": true,
    "traits": []
  },
  {
    "coreMaterialStats": {
      "durability": 1.0,
      "defense": 0.45,
      "materialType": "core"
    },
    "platesMaterialStats": {
      "durability": 2.24,
      "modifier": 0.45,
      "toughness": 0.0,
      "materialType": "plates"
    },
    "trimMaterialStats": {
      "extraDurability": 2.24,
      "materialType": "trim"
    },
    "identifier": "ma.prosperity",
    "color": -6044219,
    "type": "METAL",
    "isCastable": false,
    "isCraftable": true,
    "traits": []
  },
  {
    "coreMaterialStats": {
      "durability": 28.0,
      "defense": 31.5,
      "materialType": "core"
    },
    "platesMaterialStats": {
      "durability": 14.0,
      "modifier": 31.5,
      "toughness": 0.0,
      "materialType": "plates"
    },
    "trimMaterialStats": {
      "extraDurability": 14.0,
      "materialType": "trim"
    },
    "identifier": "froststeel",
    "color": -3744513,
    "type": "METAL",
    "isCastable": true,
    "isCraftable": false,
    "traits": []
  },
  {
    "coreMaterialStats": {
      "durability": 9.0,
      "defense": 18.0,
      "materialType": "core"
    },
    "platesMaterialStats": {
      "durability": 11.2,
      "modifier": 18.0,
      "toughness": 0.0,
      "materialType": "plates"
    },
    "trimMaterialStats": {
      "extraDurability": 11.2,
      "materialType": "trim"
    },
    "identifier": "starmetal",
    "color": -16774314,
    "type": "METAL",
    "isCastable": true,
    "isCraftable": false,
    "traits": []
  },
  {
    "coreMaterialStats": {
      "durability": 4.0,
      "defense": 4.5,
      "materialType": "core"
    },
    "platesMaterialStats": {
      "durability": 2.8,
      "modifier": 4.5,
      "toughness": 0.0,
      "materialType": "plates"
    },
    "trimMaterialStats": {
      "extraDurability": 2.8,
      "materialType": "trim"
    },
    "identifier": "gold",
    "color": -3032,
    "type": "METAL",
    "isCastable": true,
    "isCraftable": false,
    "traits": []
  },
  {
    "coreMaterialStats": {
      "durability": 47.0,
      "defense": 39.24,
      "materialType": "core"
    },
    "platesMaterialStats": {
      "durability": 11.087999,
      "modifier": 39.24,
      "toughness": 0.0,
      "materialType": "plates"
    },
    "trimMaterialStats": {
      "extraDurability": 11.087999,
      "materialType": "trim"
    },
    "identifier": "pandorium",
    "color": -8427008,
    "type": "METAL",
    "isCastable": true,
    "isCraftable": false,
    "traits": []
  },
  {
    "coreMaterialStats": {
      "durability": 32.0,
      "defense": 25.2,
      "materialType": "core"
    },
    "platesMaterialStats": {
      "durability": 44.8,
      "modifier": 25.2,
      "toughness": -0.0,
      "materialType": "plates"
    },
    "trimMaterialStats": {
      "extraDurability": 44.8,
      "materialType": "trim"
    },
    "identifier": "energetic_alloy",
    "color": -2518196,
    "type": "METAL",
    "isCastable": true,
    "isCraftable": false,
    "traits": []
  },
  {
    "coreMaterialStats": {
      "durability": 16.0,
      "defense": 20.25,
      "materialType": "core"
    },
    "platesMaterialStats": {
      "durability": 8.4,
      "modifier": 20.25,
      "toughness": 0.0,
      "materialType": "plates"
    },
    "trimMaterialStats": {
      "extraDurability": 8.4,
      "materialType": "trim"
    },
    "identifier": "ma.inferium",
    "color": -9138688,
    "type": "METAL",
    "isCastable": true,
    "isCraftable": false,
    "traits": []
  },
  {
    "coreMaterialStats": {
      "durability": 42.0,
      "defense": 31.5,
      "materialType": "core"
    },
    "platesMaterialStats": {
      "durability": 11.2,
      "modifier": 31.5,
      "toughness": 0.0,
      "materialType": "plates"
    },
    "trimMaterialStats": {
      "extraDurability": 11.2,
      "materialType": "trim"
    },
    "identifier": "refined_coralium",
    "color": -15297947,
    "type": "METAL",
    "isCastable": true,
    "isCraftable": false,
    "traits": []
  },
  {
    "coreMaterialStats": {
      "durability": 32.0,
      "defense": 27.0,
      "materialType": "core"
    },
    "platesMaterialStats": {
      "durability": 7.28,
      "modifier": 27.0,
      "toughness": 0.0,
      "materialType": "plates"
    },
    "trimMaterialStats": {
      "extraDurability": 7.28,
      "materialType": "trim"
    },
    "identifier": "topaz",
    "color": -22016,
    "type": "METAL",
    "isCastable": false,
    "isCraftable": true,
    "traits": []
  },
  {
    "coreMaterialStats": {
      "durability": 31.0,
      "defense": 50.0,
      "materialType": "core"
    },
    "platesMaterialStats": {
      "durability": 7.3919997,
      "modifier": 50.0,
      "toughness": 0.0,
      "materialType": "plates"
    },
    "trimMaterialStats": {
      "extraDurability": 7.3919997,
      "materialType": "trim"
    },
    "identifier": "xu_evil_metal",
    "color": -131160,
    "type": "METAL",
    "isCastable": true,
    "isCraftable": false,
    "traits": []
  },
  {
    "coreMaterialStats": {
      "durability": 16.0,
      "defense": 15.75,
      "materialType": "core"
    },
    "platesMaterialStats": {
      "durability": 8.96,
      "modifier": 15.75,
      "toughness": 0.0,
      "materialType": "plates"
    },
    "trimMaterialStats": {
      "extraDurability": 8.96,
      "materialType": "trim"
    },
    "identifier": "xu_enchanted_metal",
    "color": -4197792,
    "type": "METAL",
    "isCastable": true,
    "isCraftable": false,
    "traits": []
  },
  {
    "coreMaterialStats": {
      "durability": 54.0,
      "defense": 36.0,
      "materialType": "core"
    },
    "platesMaterialStats": {
      "durability": 11.2,
      "modifier": 36.0,
      "toughness": 0.0,
      "materialType": "plates"
    },
    "trimMaterialStats": {
      "extraDurability": 11.2,
      "materialType": "trim"
    },
    "identifier": "dreadium",
    "color": -7864063,
    "type": "METAL",
    "isCastable": true,
    "isCraftable": false,
    "traits": []
  },
  {
    "coreMaterialStats": {
      "durability": 0.0,
      "defense": 0.0,
      "materialType": "core"
    },
    "platesMaterialStats": {
      "durability": 0.56,
      "modifier": 0.0,
      "toughness": 0.0,
      "materialType": "plates"
    },
    "trimMaterialStats": {
      "extraDurability": 0.56,
      "materialType": "trim"
    },
    "identifier": "yellowcloth",
    "color": -5134809,
    "type": "METAL",
    "isCastable": false,
    "isCraftable": true,
    "traits": []
  },
  {
    "coreMaterialStats": {
      "durability": 94.0,
      "defense": 50.0,
      "materialType": "core"
    },
    "platesMaterialStats": {
      "durability": 11.76,
      "modifier": 50.0,
      "toughness": -0.0,
      "materialType": "plates"
    },
    "trimMaterialStats": {
      "extraDurability": 11.76,
      "materialType": "trim"
    },
    "identifier": "redmatter",
    "color": -1900544,
    "type": "METAL",
    "isCastable": false,
    "isCraftable": true,
    "traits": []
  },
  {
    "coreMaterialStats": {
      "durability": 39.0,
      "defense": 29.25,
      "materialType": "core"
    },
    "platesMaterialStats": {
      "durability": 6.72,
      "modifier": 29.25,
      "toughness": 0.0,
      "materialType": "plates"
    },
    "trimMaterialStats": {
      "extraDurability": 6.72,
      "materialType": "trim"
    },
    "identifier": "lumium_plustic",
    "color": -171,
    "type": "METAL",
    "isCastable": true,
    "isCraftable": false,
    "traits": []
  },
  {
    "coreMaterialStats": {
      "durability": 43.0,
      "defense": 9.0,
      "materialType": "core"
    },
    "platesMaterialStats": {
      "durability": 28.0,
      "modifier": 9.0,
      "toughness": 0.0,
      "materialType": "plates"
    },
    "trimMaterialStats": {
      "extraDurability": 28.0,
      "materialType": "trim"
    },
    "identifier": "pulsating_iron",
    "color": -13856700,
    "type": "METAL",
    "isCastable": true,
    "isCraftable": false,
    "traits": []
  },
  {
    "coreMaterialStats": {
      "durability": 0.0,
      "defense": 0.0,
      "materialType": "core"
    },
    "platesMaterialStats": {
      "durability": 0.56,
      "modifier": 0.0,
      "toughness": 0.0,
      "materialType": "plates"
    },
    "trimMaterialStats": {
      "extraDurability": 0.56,
      "materialType": "trim"
    },
    "identifier": "purplecloth",
    "color": -8503883,
    "type": "METAL",
    "isCastable": false,
    "isCraftable": true,
    "traits": []
  },
  {
    "coreMaterialStats": {
      "durability": 0.0,
      "defense": 0.0,
      "materialType": "core"
    },
    "platesMaterialStats": {
      "durability": 0.56,
      "modifier": 0.0,
      "toughness": 0.0,
      "materialType": "plates"
    },
    "trimMaterialStats": {
      "extraDurability": 0.56,
      "materialType": "trim"
    },
    "identifier": "lightgraycloth",
    "color": -6643295,
    "type": "METAL",
    "isCastable": false,
    "isCraftable": true,
    "traits": []
  },
  {
    "coreMaterialStats": {
      "durability": 42.0,
      "defense": 27.0,
      "materialType": "core"
    },
    "platesMaterialStats": {
      "durability": 44.8,
      "modifier": 27.0,
      "toughness": 0.0,
      "materialType": "plates"
    },
    "trimMaterialStats": {
      "extraDurability": 44.8,
      "materialType": "trim"
    },
    "identifier": "knightmetal",
    "color": -3873106,
    "type": "METAL",
    "isCastable": true,
    "isCraftable": false,
    "traits": []
  },
  {
    "coreMaterialStats": {
      "durability": 18.0,
      "defense": 19.125,
      "materialType": "core"
    },
    "platesMaterialStats": {
      "durability": 12.432,
      "modifier": 19.125,
      "toughness": 0.0,
      "materialType": "plates"
    },
    "trimMaterialStats": {
      "extraDurability": 12.432,
      "materialType": "trim"
    },
    "identifier": "thaumium",
    "color": -14811034,
    "type": "METAL",
    "isCastable": true,
    "isCraftable": false,
    "traits": []
  },
  {
    "coreMaterialStats": {
      "durability": 0.0,
      "defense": 0.0,
      "materialType": "core"
    },
    "platesMaterialStats": {
      "durability": 0.56,
      "modifier": 0.0,
      "toughness": 0.0,
      "materialType": "plates"
    },
    "trimMaterialStats": {
      "extraDurability": 0.56,
      "materialType": "trim"
    },
    "identifier": "blackcloth",
    "color": -15133162,
    "type": "METAL",
    "isCastable": false,
    "isCraftable": true,
    "traits": []
  },
  {
    "coreMaterialStats": {
      "durability": 0.0,
      "defense": 0.0,
      "materialType": "core"
    },
    "platesMaterialStats": {
      "durability": 0.56,
      "modifier": 0.0,
      "toughness": 0.0,
      "materialType": "plates"
    },
    "trimMaterialStats": {
      "extraDurability": 0.56,
      "materialType": "trim"
    },
    "identifier": "bluecloth",
    "color": -13748083,
    "type": "METAL",
    "isCastable": false,
    "isCraftable": true,
    "traits": []
  },
  {
    "coreMaterialStats": {
      "durability": 1.0,
      "defense": 9.0,
      "materialType": "core"
    },
    "platesMaterialStats": {
      "durability": 2.24,
      "modifier": 9.0,
      "toughness": 0.0,
      "materialType": "plates"
    },
    "trimMaterialStats": {
      "extraDurability": 2.24,
      "materialType": "trim"
    },
    "identifier": "treatedwood",
    "color": -10144478,
    "type": "METAL",
    "isCastable": false,
    "isCraftable": true,
    "traits": []
  },
  {
    "coreMaterialStats": {
      "durability": 34.0,
      "defense": 25.65,
      "materialType": "core"
    },
    "platesMaterialStats": {
      "durability": 11.2,
      "modifier": 25.65,
      "toughness": 0.0,
      "materialType": "plates"
    },
    "trimMaterialStats": {
      "extraDurability": 11.2,
      "materialType": "trim"
    },
    "identifier": "amber",
    "color": -22016,
    "type": "METAL",
    "isCastable": false,
    "isCraftable": true,
    "traits": []
  },
  {
    "coreMaterialStats": {
      "durability": 1.0,
      "defense": 18.0,
      "materialType": "core"
    },
    "platesMaterialStats": {
      "durability": 6.72,
      "modifier": 18.0,
      "toughness": 0.0,
      "materialType": "plates"
    },
    "trimMaterialStats": {
      "extraDurability": 6.72,
      "materialType": "trim"
    },
    "identifier": "constantan",
    "color": -1015446,
    "type": "METAL",
    "isCastable": true,
    "isCraftable": false,
    "traits": []
  },
  {
    "coreMaterialStats": {
      "durability": 37.0,
      "defense": 31.5,
      "materialType": "core"
    },
    "platesMaterialStats": {
      "durability": 7.28,
      "modifier": 31.5,
      "toughness": -0.0,
      "materialType": "plates"
    },
    "trimMaterialStats": {
      "extraDurability": 7.28,
      "materialType": "trim"
    },
    "identifier": "enderium_plustic",
    "color": -16733696,
    "type": "METAL",
    "isCastable": true,
    "isCraftable": false,
    "traits": []
  },
  {
    "coreMaterialStats": {
      "durability": 23.0,
      "defense": 18.0,
      "materialType": "core"
    },
    "platesMaterialStats": {
      "durability": 5.6,
      "modifier": 18.0,
      "toughness": 0.0,
      "materialType": "plates"
    },
    "trimMaterialStats": {
      "extraDurability": 5.6,
      "materialType": "trim"
    },
    "identifier": "aeonsteel",
    "color": -6000416,
    "type": "METAL",
    "isCastable": true,
    "isCraftable": false,
    "traits": []
  },
  {
    "coreMaterialStats": {
      "durability": 120.0,
      "defense": 50.0,
      "materialType": "core"
    },
    "platesMaterialStats": {
      "durability": 33.6,
      "modifier": 50.0,
      "toughness": 0.0,
      "materialType": "plates"
    },
    "trimMaterialStats": {
      "extraDurability": 33.6,
      "materialType": "trim"
    },
    "identifier": "ma.supremium",
    "color": -3932160,
    "type": "METAL",
    "isCastable": true,
    "isCraftable": false,
    "traits": []
  },
  {
    "coreMaterialStats": {
      "durability": 8.0,
      "defense": 28.035,
      "materialType": "core"
    },
    "platesMaterialStats": {
      "durability": 3.92,
      "modifier": 28.035,
      "toughness": 0.0,
      "materialType": "plates"
    },
    "trimMaterialStats": {
      "extraDurability": 3.92,
      "materialType": "trim"
    },
    "identifier": "orichalcum",
    "color": -14592,
    "type": "METAL",
    "isCastable": true,
    "isCraftable": false,
    "traits": []
  },
  {
    "coreMaterialStats": {
      "durability": 4.0,
      "defense": 5.625,
      "materialType": "core"
    },
    "platesMaterialStats": {
      "durability": 28.0,
      "modifier": 5.625,
      "toughness": 0.0,
      "materialType": "plates"
    },
    "trimMaterialStats": {
      "extraDurability": 28.0,
      "materialType": "trim"
    },
    "identifier": "conductive_iron",
    "color": -5546657,
    "type": "METAL",
    "isCastable": true,
    "isCraftable": false,
    "traits": []
  },
  {
    "coreMaterialStats": {
      "durability": 21.0,
      "defense": 19.350002,
      "materialType": "core"
    },
    "platesMaterialStats": {
      "durability": 0.0,
      "modifier": 19.350002,
      "toughness": 0.0,
      "materialType": "plates"
    },
    "trimMaterialStats": {
      "extraDurability": 0.0,
      "materialType": "trim"
    },
    "identifier": "nagascale",
    "color": -13476571,
    "type": "METAL",
    "isCastable": false,
    "isCraftable": true,
    "traits": []
  },
  {
    "coreMaterialStats": {
      "durability": 94.0,
      "defense": 50.0,
      "materialType": "core"
    },
    "platesMaterialStats": {
      "durability": 26.88,
      "modifier": 50.0,
      "toughness": 0.0,
      "materialType": "plates"
    },
    "trimMaterialStats": {
      "extraDurability": 26.88,
      "materialType": "trim"
    },
    "identifier": "wyvern_plustic",
    "color": -5635926,
    "type": "METAL",
    "isCastable": false,
    "isCraftable": true,
    "traits": []
  },
  {
    "coreMaterialStats": {
      "durability": 33.0,
      "defense": 27.0,
      "materialType": "core"
    },
    "platesMaterialStats": {
      "durability": 6.72,
      "modifier": 27.0,
      "toughness": -0.0,
      "materialType": "plates"
    },
    "trimMaterialStats": {
      "extraDurability": 6.72,
      "materialType": "trim"
    },
    "identifier": "platinum_plustic",
    "color": -11184641,
    "type": "METAL",
    "isCastable": true,
    "isCraftable": false,
    "traits": []
  },
  {
    "coreMaterialStats": {
      "durability": 0.0,
      "defense": 0.0,
      "materialType": "core"
    },
    "platesMaterialStats": {
      "durability": 0.56,
      "modifier": 0.0,
      "toughness": 0.0,
      "materialType": "plates"
    },
    "trimMaterialStats": {
      "extraDurability": 0.56,
      "materialType": "trim"
    },
    "identifier": "greencloth",
    "color": -13285861,
    "type": "METAL",
    "isCastable": false,
    "isCraftable": true,
    "traits": []
  },
  {
    "coreMaterialStats": {
      "durability": 14.0,
      "defense": 11.25,
      "materialType": "core"
    },
    "platesMaterialStats": {
      "durability": 11.2,
      "modifier": 11.25,
      "toughness": 0.0,
      "materialType": "plates"
    },
    "trimMaterialStats": {
      "extraDurability": 11.2,
      "materialType": "trim"
    },
    "identifier": "ghostwood_plustic",
    "color": -1,
    "type": "METAL",
    "isCastable": false,
    "isCraftable": true,
    "traits": []
  },
  {
    "coreMaterialStats": {
      "durability": 32.0,
      "defense": 23.399998,
      "materialType": "core"
    },
    "platesMaterialStats": {
      "durability": 6.16,
      "modifier": 23.399998,
      "toughness": 0.0,
      "materialType": "plates"
    },
    "trimMaterialStats": {
      "extraDurability": 6.16,
      "materialType": "trim"
    },
    "identifier": "signalum_plustic",
    "color": -43691,
    "type": "METAL",
    "isCastable": true,
    "isCraftable": false,
    "traits": []
  },
  {
    "coreMaterialStats": {
      "durability": 3.0,
      "defense": 13.5,
      "materialType": "core"
    },
    "platesMaterialStats": {
      "durability": 2.24,
      "modifier": 13.5,
      "toughness": -0.0,
      "materialType": "plates"
    },
    "trimMaterialStats": {
      "extraDurability": 2.24,
      "materialType": "trim"
    },
    "identifier": "queensgold",
    "color": -2294016,
    "type": "METAL",
    "isCastable": true,
    "isCraftable": false,
    "traits": []
  }
]