{
  "name": "examplematerial",
  "tool": {
    "bow": {
      "speed": 0.4,
      "range": 1.0,
      "bonusDamage": 5.0
    },
    "fletching": {
      "accuracy": 0.5,
      "modifier": 0.0
    },
    "head": {
      "attackDamage": 5.0,
      "speed": 1.0,
      "durability": 100,
      "harvestLevel": 0
    },
    "handle": {
      "modifier": 1.0,
      "durability": 50
    },
    "arrowShaft": {
      "modifier": 1.1,
      "bonusAmmo": 5
    },
    "bowstring": {
      "modifier": 1.1
    },
    "extra": {
      "durability": 25
    }
  },
  "color": "#666688",
  "craftable": false,
  "madeInToolForge": true,
  "createMeltingRecipes": true,
  "meltingTemperature": 475,
  "looks": {
    "shininess": 0.25,
    "brightness": 0.25,
    "hueshift": -0.1
  },
  "fluid": {
    "viscosity": 8000,
    "density": 1500,
    "temperature": 1000,
    "luminosity": 8
  },
  "oreDictSuffixes": [],
  "matParts": [
    "HEAD",
    "HANDLE",
    "EXTRA",
    "BOW",
    "PROJECTILE",
    "CORE",
    "PLATES",
    "TRIM"
  ],
  "nameLocales": {
    "en_us": "Test Material.",
    "en_pt": "Ye Olde Material"
  },
  "smeltingItems": {
    "ingot": [
      "minecraft:apple"
    ],
    "block": [],
    "nugget": [],
    "ore": [],
    "dust": [],
    "plate": [],
    "gear": []
  },
  "smeltingTags": {
    "ingot": [],
    "block": [],
    "nugget": [],
    "ore": [],
    "dust": [],
    "plate": [],
    "gear": []
  },
  "armor": {
    "core": {
      "durability": 15.5,
      "defense": 13.0
    },
    "plates": {
      "modifier": 0.75,
      "durability": 6.0,
      "toughness": 0.0
    },
    "trim": {
      "extraDurability": 6.0
    }
  },
  "specificTraits": {
    "EXTRA": [
      "dense",
      "brilliance"
    ],
    "HEAD": [
      "brilliance"
    ],
    "HANDLE": [
      "brilliance"
    ],
    "BOW": [
      "brilliance"
    ],
    "PROJECTILE": [
      "brilliance"
    ],
    "CORE": [
      "heatlover_armor"
    ],
    "PLATES": [
      "heatlover_armor"
    ],
    "TRIM": [
      "heatlover_armor"
    ]
  }
}