{
	"biome": "netherex:arctic_abyss",
	"generationWeight": 2,
	"useDefaultDecorations": true,
	"isSubBiome": false,
	"isEnabled": true,
	"blocks": {
		"surfaceBlock": {
			"block": "netherex:frostburn_ice"
		},
		"subsurfaceBlock": {
			"block": "netherex:icy_netherrack"
		},
		"caveCeilingBlock": {
			"block": "netherex:icy_netherrack"
		},
		"caveWallBlock": {
			"block": "netherex:icy_netherrack"
		},
		"caveFloorBlock": {
			"block": "netherex:icy_netherrack"
		},
		"fluidBlock": {
			"block": "minecraft:magma"
		}
	},
	"entities": [
		{
			"entity": "netherex:frost",
			"spawnWeight": 10,
			"minimumGroupCount": 1,
			"maximumGroupCount": 3
		}, 
		{
			"entity": "netherex:coolmar_spider",
			"spawnWeight": 35,
			"minimumGroupCount": 1,
			"maximumGroupCount": 4
		}, 
		{
			"entity": "netherex:wight",
			"spawnWeight": 100,
			"minimumGroupCount": 1,
			"maximumGroupCount": 4
		}, 
		{
			"entity": "netherex:brute",
			"spawnWeight": 15,
			"minimumGroupCount": 1,
			"maximumGroupCount": 1
		}, 
		{
			"entity": "zawa:zookeeper",
			"spawnWeight": 5,
			"minimumGroupCount": 0,
			"maximumGroupCount": 1
		}, 
		{
			"entity": "zawa:animaltrader",
			"spawnWeight": 5,
			"minimumGroupCount": 0,
			"maximumGroupCount": 1
		}, 
		{
			"entity": "zawa:feedtrader",
			"spawnWeight": 5,
			"minimumGroupCount": 0,
			"maximumGroupCount": 1
		}, 
		{
			"entity": "zawa:meerkat",
			"spawnWeight": 40,
			"minimumGroupCount": 3,
			"maximumGroupCount": 5
		}, 
		{
			"entity": "zawa:asianelephant",
			"spawnWeight": 25,
			"minimumGroupCount": 3,
			"maximumGroupCount": 5
		}, 
		{
			"entity": "zawa:amurleopard",
			"spawnWeight": 10,
			"minimumGroupCount": 1,
			"maximumGroupCount": 1
		}, 
		{
			"entity": "zawa:redkangaroo",
			"spawnWeight": 35,
			"minimumGroupCount": 4,
			"maximumGroupCount": 5
		}, 
		{
			"entity": "zawa:gaur",
			"spawnWeight": 15,
			"minimumGroupCount": 2,
			"maximumGroupCount": 5
		}, 
		{
			"entity": "zawa:bengaltiger",
			"spawnWeight": 10,
			"minimumGroupCount": 1,
			"maximumGroupCount": 1
		}, 
		{
			"entity": "zawa:africanlion",
			"spawnWeight": 20,
			"minimumGroupCount": 3,
			"maximumGroupCount": 4
		}, 
		{
			"entity": "zawa:cockatoo",
			"spawnWeight": 25,
			"minimumGroupCount": 4,
			"maximumGroupCount": 6
		}, 
		{
			"entity": "zawa:toucan",
			"spawnWeight": 25,
			"minimumGroupCount": 4,
			"maximumGroupCount": 6
		}, 
		{
			"entity": "zawa:redpanda",
			"spawnWeight": 10,
			"minimumGroupCount": 1,
			"maximumGroupCount": 2
		}, 
		{
			"entity": "zawa:andeancondor",
			"spawnWeight": 20,
			"minimumGroupCount": 1,
			"maximumGroupCount": 2
		}, 
		{
			"entity": "zawa:albatross",
			"spawnWeight": 20,
			"minimumGroupCount": 1,
			"maximumGroupCount": 2
		}, 
		{
			"entity": "zawa:macaw",
			"spawnWeight": 30,
			"minimumGroupCount": 4,
			"maximumGroupCount": 6
		}, 
		{
			"entity": "zawa:westernlowlandgorilla",
			"spawnWeight": 10,
			"minimumGroupCount": 5,
			"maximumGroupCount": 6
		}, 
		{
			"entity": "zawa:reticulatedgiraffe",
			"spawnWeight": 5,
			"minimumGroupCount": 3,
			"maximumGroupCount": 5
		}, 
		{
			"entity": "zawa:grevyszebra",
			"spawnWeight": 25,
			"minimumGroupCount": 3,
			"maximumGroupCount": 5
		}, 
		{
			"entity": "zawa:indiangharial",
			"spawnWeight": 10,
			"minimumGroupCount": 1,
			"maximumGroupCount": 1
		}, 
		{
			"entity": "zawa:blackrhinoceros",
			"spawnWeight": 30,
			"minimumGroupCount": 1,
			"maximumGroupCount": 1
		}, 
		{
			"entity": "zawa:blackspidermonkey",
			"spawnWeight": 30,
			"minimumGroupCount": 3,
			"maximumGroupCount": 5
		}, 
		{
			"entity": "zawa:indianpangolin",
			"spawnWeight": 15,
			"minimumGroupCount": 1,
			"maximumGroupCount": 1
		}, 
		{
			"entity": "zawa:japanesegiantsalamander",
			"spawnWeight": 5,
			"minimumGroupCount": 1,
			"maximumGroupCount": 1
		}, 
		{
			"entity": "zawa:greenanaconda",
			"spawnWeight": 10,
			"minimumGroupCount": 1,
			"maximumGroupCount": 1
		}, 
		{
			"entity": "zawa:okapi",
			"spawnWeight": 5,
			"minimumGroupCount": 1,
			"maximumGroupCount": 1
		}, 
		{
			"entity": "enderiozoo:epicsquid",
			"spawnWeight": 1,
			"minimumGroupCount": 1,
			"maximumGroupCount": 1
		}
	],
	"traits": [
		{
			"trait": "libraryex:pool",
			"generationAttempts": 2,
			"randomizeGenerationAttempts": false,
			"generationProbability": 0.125,
			"minimumGenerationHeight": 36,
			"maximumGenerationHeight": 108,
			"blockToSurround": {
				"block": "netherex:frostburn_ice"
			},
			"blockToSpawn": {
				"block": "netherex:ichor"
			},
			"generationStage": "terrain_alteration"
		}, 
		{
			"trait": "libraryex:scatter",
			"generationAttempts": 5,
			"randomizeGenerationAttempts": true,
			"generationProbability": 1.0,
			"minimumGenerationHeight": 4,
			"maximumGenerationHeight": 124,
			"blockToSpawn": {
				"block": "netherex:blue_fire"
			},
			"blockToTarget": {
				"block": "netherex:frostburn_ice"
			},
			"placement": "on_ground",
			"generationStage": "decoration"
		}, 
		{
			"trait": "libraryex:cluster",
			"generationAttempts": 10,
			"randomizeGenerationAttempts": true,
			"generationProbability": 1.0,
			"minimumGenerationHeight": 4,
			"maximumGenerationHeight": 124,
			"direction": "down",
			"blockToAttachTo": {
				"block": "netherex:icy_netherrack"
			},
			"blockToSpawn": {
				"block": "minecraft:glowstone"
			},
			"generationStage": "decoration"
		}, 
		{
			"trait": "libraryex:cluster",
			"generationAttempts": 10,
			"randomizeGenerationAttempts": false,
			"generationProbability": 1.0,
			"minimumGenerationHeight": 1,
			"maximumGenerationHeight": 128,
			"direction": "down",
			"blockToAttachTo": {
				"block": "netherex:icy_netherrack"
			},
			"blockToSpawn": {
				"block": "minecraft:glowstone"
			},
			"generationStage": "decoration"
		}, 
		{
			"trait": "libraryex:ore",
			"generationAttempts": 16,
			"randomizeGenerationAttempts": false,
			"generationProbability": 1.0,
			"minimumGenerationHeight": 10,
			"maximumGenerationHeight": 108,
			"veinSize": 14,
			"blockToReplace": {
				"block": "netherex:icy_netherrack"
			},
			"blockToSpawn": {
				"block": "netherex:quartz_ore"
			},
			"generationStage": "ore"
		}, 
		{
			"trait": "libraryex:ore",
			"generationAttempts": 16,
			"randomizeGenerationAttempts": false,
			"generationProbability": 1.0,
			"minimumGenerationHeight": 10,
			"maximumGenerationHeight": 108,
			"veinSize": 7,
			"blockToReplace": {
				"block": "netherex:icy_netherrack"
			},
			"blockToSpawn": {
				"block": "netherex:rime_ore"
			},
			"generationStage": "ore"
		}
	],
	"subBiomes": []
}