{
	"biome": "netherex:fungi_forest",
	"generationWeight": 4,
	"useDefaultDecorations": true,
	"isSubBiome": false,
	"isEnabled": true,
	"blocks": {
		"surfaceBlock": {
			"block": "netherex:hyphae"
		},
		"subsurfaceBlock": {
			"block": "netherex:lively_netherrack"
		},
		"caveCeilingBlock": {
			"block": "netherex:lively_netherrack"
		},
		"caveWallBlock": {
			"block": "netherex:lively_netherrack"
		},
		"caveFloorBlock": {
			"block": "netherex:lively_netherrack"
		},
		"fluidBlock": {
			"block": "minecraft:lava"
		}
	},
	"entities": [
		{
			"entity": "netherex:mogus",
			"spawnWeight": 100,
			"minimumGroupCount": 4,
			"maximumGroupCount": 6
		}, 
		{
			"entity": "netherex:spore",
			"spawnWeight": 25,
			"minimumGroupCount": 1,
			"maximumGroupCount": 4
		}, 
		{
			"entity": "netherex:spore_creeper",
			"spawnWeight": 50,
			"minimumGroupCount": 1,
			"maximumGroupCount": 4
		}, 
		{
			"entity": "zawa:zookeeper",
			"spawnWeight": 5,
			"minimumGroupCount": 0,
			"maximumGroupCount": 1
		}, 
		{
			"entity": "zawa:animaltrader",
			"spawnWeight": 5,
			"minimumGroupCount": 0,
			"maximumGroupCount": 1
		}, 
		{
			"entity": "zawa:feedtrader",
			"spawnWeight": 5,
			"minimumGroupCount": 0,
			"maximumGroupCount": 1
		}, 
		{
			"entity": "zawa:meerkat",
			"spawnWeight": 40,
			"minimumGroupCount": 3,
			"maximumGroupCount": 5
		}, 
		{
			"entity": "zawa:asianelephant",
			"spawnWeight": 25,
			"minimumGroupCount": 3,
			"maximumGroupCount": 5
		}, 
		{
			"entity": "zawa:amurleopard",
			"spawnWeight": 10,
			"minimumGroupCount": 1,
			"maximumGroupCount": 1
		}, 
		{
			"entity": "zawa:koala",
			"spawnWeight": 25,
			"minimumGroupCount": 1,
			"maximumGroupCount": 1
		}, 
		{
			"entity": "zawa:redkangaroo",
			"spawnWeight": 35,
			"minimumGroupCount": 4,
			"maximumGroupCount": 5
		}, 
		{
			"entity": "zawa:gaur",
			"spawnWeight": 15,
			"minimumGroupCount": 2,
			"maximumGroupCount": 5
		}, 
		{
			"entity": "zawa:bengaltiger",
			"spawnWeight": 10,
			"minimumGroupCount": 1,
			"maximumGroupCount": 1
		}, 
		{
			"entity": "zawa:africanlion",
			"spawnWeight": 20,
			"minimumGroupCount": 3,
			"maximumGroupCount": 4
		}, 
		{
			"entity": "zawa:cockatoo",
			"spawnWeight": 25,
			"minimumGroupCount": 4,
			"maximumGroupCount": 6
		}, 
		{
			"entity": "zawa:treefrog",
			"spawnWeight": 35,
			"minimumGroupCount": 2,
			"maximumGroupCount": 4
		}, 
		{
			"entity": "zawa:toucan",
			"spawnWeight": 25,
			"minimumGroupCount": 4,
			"maximumGroupCount": 6
		}, 
		{
			"entity": "zawa:redpanda",
			"spawnWeight": 10,
			"minimumGroupCount": 1,
			"maximumGroupCount": 2
		}, 
		{
			"entity": "zawa:andeancondor",
			"spawnWeight": 20,
			"minimumGroupCount": 1,
			"maximumGroupCount": 2
		}, 
		{
			"entity": "zawa:albatross",
			"spawnWeight": 20,
			"minimumGroupCount": 1,
			"maximumGroupCount": 2
		}, 
		{
			"entity": "zawa:nilehippopotamus",
			"spawnWeight": 15,
			"minimumGroupCount": 4,
			"maximumGroupCount": 6
		}, 
		{
			"entity": "zawa:macaw",
			"spawnWeight": 30,
			"minimumGroupCount": 4,
			"maximumGroupCount": 6
		}, 
		{
			"entity": "zawa:westernlowlandgorilla",
			"spawnWeight": 10,
			"minimumGroupCount": 5,
			"maximumGroupCount": 6
		}, 
		{
			"entity": "zawa:reticulatedgiraffe",
			"spawnWeight": 5,
			"minimumGroupCount": 3,
			"maximumGroupCount": 5
		}, 
		{
			"entity": "zawa:grevyszebra",
			"spawnWeight": 25,
			"minimumGroupCount": 3,
			"maximumGroupCount": 5
		}, 
		{
			"entity": "zawa:fijibandediguana",
			"spawnWeight": 5,
			"minimumGroupCount": 1,
			"maximumGroupCount": 1
		}, 
		{
			"entity": "zawa:indiangharial",
			"spawnWeight": 10,
			"minimumGroupCount": 1,
			"maximumGroupCount": 1
		}, 
		{
			"entity": "zawa:blackrhinoceros",
			"spawnWeight": 30,
			"minimumGroupCount": 1,
			"maximumGroupCount": 1
		}, 
		{
			"entity": "zawa:blackspidermonkey",
			"spawnWeight": 30,
			"minimumGroupCount": 3,
			"maximumGroupCount": 5
		}, 
		{
			"entity": "zawa:indianpangolin",
			"spawnWeight": 15,
			"minimumGroupCount": 1,
			"maximumGroupCount": 1
		}, 
		{
			"entity": "zawa:japanesegiantsalamander",
			"spawnWeight": 5,
			"minimumGroupCount": 1,
			"maximumGroupCount": 1
		}, 
		{
			"entity": "zawa:greenanaconda",
			"spawnWeight": 10,
			"minimumGroupCount": 1,
			"maximumGroupCount": 1
		}, 
		{
			"entity": "zawa:okapi",
			"spawnWeight": 5,
			"minimumGroupCount": 1,
			"maximumGroupCount": 1
		}, 
		{
			"entity": "enderiozoo:epicsquid",
			"spawnWeight": 1,
			"minimumGroupCount": 1,
			"maximumGroupCount": 1
		}
	],
	"traits": [
		{
			"trait": "libraryex:cluster",
			"generationAttempts": 10,
			"randomizeGenerationAttempts": true,
			"generationProbability": 1.0,
			"minimumGenerationHeight": 4,
			"maximumGenerationHeight": 124,
			"direction": "down",
			"blockToAttachTo": {
				"block": "minecraft:netherrack"
			},
			"blockToSpawn": {
				"block": "minecraft:glowstone"
			},
			"generationStage": "decoration"
		}, 
		{
			"trait": "libraryex:cluster",
			"generationAttempts": 10,
			"randomizeGenerationAttempts": false,
			"generationProbability": 1.0,
			"minimumGenerationHeight": 1,
			"maximumGenerationHeight": 128,
			"direction": "down",
			"blockToAttachTo": {
				"block": "minecraft:netherrack"
			},
			"blockToSpawn": {
				"block": "minecraft:glowstone"
			},
			"generationStage": "decoration"
		}, 
		{
			"trait": "libraryex:big_mushroom",
			"generationAttempts": 256,
			"randomizeGenerationAttempts": false,
			"generationProbability": 1.0,
			"minimumGenerationHeight": 32,
			"maximumGenerationHeight": 108,
			"shape": "flat",
			"blockToPlaceOn": {
				"block": "netherex:hyphae"
			},
			"mushroomStem": {
				"block": "netherex:elder_mushroom_stem"
			},
			"mushroomCap": {
				"block": "netherex:brown_elder_mushroom_cap"
			},
			"generationStage": "decoration"
		}, 
		{
			"trait": "libraryex:big_mushroom",
			"generationAttempts": 256,
			"randomizeGenerationAttempts": false,
			"generationProbability": 1.0,
			"minimumGenerationHeight": 32,
			"maximumGenerationHeight": 108,
			"shape": "bulb",
			"blockToPlaceOn": {
				"block": "netherex:hyphae"
			},
			"mushroomStem": {
				"block": "netherex:elder_mushroom_stem"
			},
			"mushroomCap": {
				"block": "netherex:red_elder_mushroom_cap"
			},
			"generationStage": "decoration"
		}, 
		{
			"trait": "netherex:enoki",
			"generationAttempts": 32,
			"randomizeGenerationAttempts": false,
			"generationProbability": 1.0,
			"minimumGenerationHeight": 48,
			"maximumGenerationHeight": 118,
			"generationStage": "decoration"
		}, 
		{
			"trait": "libraryex:ore",
			"generationAttempts": 16,
			"randomizeGenerationAttempts": false,
			"generationProbability": 1.0,
			"minimumGenerationHeight": 10,
			"maximumGenerationHeight": 108,
			"veinSize": 14,
			"blockToReplace": {
				"block": "minecraft:netherrack"
			},
			"blockToSpawn": {
				"block": "netherex:quartz_ore"
			},
			"generationStage": "ore"
		}, 
		{
			"trait": "libraryex:structure",
			"generationAttempts": 1,
			"randomizeGenerationAttempts": false,
			"generationProbability": 0.0125,
			"minimumGenerationHeight": 32,
			"maximumGenerationHeight": 118,
			"structures": [
				"netherex:ghast_queen_shrine"
			],
			"structureType": "air",
			"ignoredBlock": {
				"block": "minecraft:structure_void"
			},
			"clearancePercentage": 1.0,
			"generationStage": "structure"
		}
	],
	"subBiomes": []
}