{
	"profession": "netherex:forager",
	"career": "netherex:hunter",
	"trades": [
		{
			"output": {
				"item": "minecraft:rotten_flesh",
				"meta": 0,
				"minCount": 9,
				"maxCount": 15
			},
			"inputOne": {
				"item": "netherex:amethyst_crystal",
				"meta": 0,
				"minCount": 9,
				"maxCount": 15
			},
			"minTradeCount": 4,
			"maxTradeCount": 16,
			"tradeLevel": 1
		}, 
		{
			"output": {
				"item": "minecraft:spider_eye",
				"meta": 0,
				"minCount": 4,
				"maxCount": 6
			},
			"inputOne": {
				"item": "netherex:amethyst_crystal",
				"meta": 0,
				"minCount": 4,
				"maxCount": 6
			},
			"minTradeCount": 2,
			"maxTradeCount": 8,
			"tradeLevel": 1
		}, 
		{
			"output": {
				"item": "minecraft:magma_cream",
				"meta": 0,
				"minCount": 1,
				"maxCount": 2
			},
			"inputOne": {
				"item": "netherex:amethyst_crystal",
				"meta": 0,
				"minCount": 1,
				"maxCount": 2
			},
			"minTradeCount": 1,
			"maxTradeCount": 8,
			"tradeLevel": 1
		}, 
		{
			"output": {
				"item": "netherex:ghast_meat_cooked",
				"meta": 0,
				"minCount": 3,
				"maxCount": 7
			},
			"inputOne": {
				"item": "netherex:amethyst_crystal",
				"meta": 0,
				"minCount": 3,
				"maxCount": 7
			},
			"minTradeCount": 2,
			"maxTradeCount": 4,
			"tradeLevel": 2
		}, 
		{
			"output": {
				"item": "netherex:amethyst_crystal",
				"meta": 0,
				"minCount": 2,
				"maxCount": 2
			},
			"inputOne": {
				"item": "netherex:ghast_meat_raw",
				"meta": 0,
				"minCount": 2,
				"maxCount": 2
			},
			"minTradeCount": 2,
			"maxTradeCount": 8,
			"tradeLevel": 2
		}, 
		{
			"output": {
				"item": "minecraft:ender_pearl",
				"meta": 0,
				"minCount": 2,
				"maxCount": 4
			},
			"inputOne": {
				"item": "netherex:ghast_meat_raw",
				"meta": 0,
				"minCount": 2,
				"maxCount": 4
			},
			"minTradeCount": 1,
			"maxTradeCount": 8,
			"tradeLevel": 3
		}, 
		{
			"output": {
				"item": "minecraft:blaze_rod",
				"meta": 0,
				"minCount": 2,
				"maxCount": 4
			},
			"inputOne": {
				"item": "netherex:ghast_meat_raw",
				"meta": 0,
				"minCount": 2,
				"maxCount": 4
			},
			"minTradeCount": 1,
			"maxTradeCount": 8,
			"tradeLevel": 3
		}
	]
}